driver_id,driver_ref,code,first_nm,last_nm,dob,driver_nationality
1,hamilton,HAM,Lewis,Hamilton,1/7/1985,British
2,heidfeld,HEI,Nick,Heidfeld,5/10/1977,German
3,rosberg,ROS,Nico,Rosberg,6/27/1985,German
4,alonso,ALO,Fernando,Alonso,7/29/1981,Spanish
5,kovalainen,KOV,Heikki,Kovalainen,10/19/1981,Finnish
6,nakajima,NAK,Kazuki,Nakajima,1/11/1985,Japanese
7,bourdais,BOU,Sébastien,Bourdais,2/28/1979,French
8,raikkonen,RAI,Kimi,Räikkönen,10/17/1979,Finnish
9,kubica,KUB,Robert,Kubica,12/7/1984,Polish
10,glock,GLO,Timo,Glock,3/18/1982,German
11,sato,SAT,Takuma,Sato,1/28/1977,Japanese
12,piquet_jr,PIQ,Nelson,Piquet Jr.,7/25/1985,Brazilian
13,massa,MAS,Felipe,Massa,4/25/1981,Brazilian
14,coulthard,COU,David,Coulthard,3/27/1971,British
15,trulli,TRU,Jarno,Trulli,7/13/1974,Italian
16,sutil,SUT,Adrian,Sutil,1/11/1983,German
17,webber,WEB,Mark,Webber,8/27/1976,Australian
18,button,BUT,Jenson,Button,1/19/1980,British
19,davidson,DAV,Anthony,Davidson,4/18/1979,British
20,vettel,VET,Sebastian,Vettel,7/3/1987,German
21,fisichella,FIS,Giancarlo,Fisichella,1/14/1973,Italian
22,barrichello,BAR,Rubens,Barrichello,5/23/1972,Brazilian
23,ralf_schumacher,SCH,Ralf,Schumacher,6/30/1975,German
24,liuzzi,LIU,Vitantonio,Liuzzi,8/6/1980,Italian
25,wurz,WUR,Alexander,Wurz,2/15/1974,Austrian
26,speed,SPE,Scott,Speed,1/24/1983,American
27,albers,ALB,Christijan,Albers,4/16/1979,Dutch
28,markus_winkelhock,WIN,Markus,Winkelhock,6/13/1980,German
29,yamamoto,YAM,Sakon,Yamamoto,7/9/1982,Japanese
30,michael_schumacher,MSC,Michael,Schumacher,1/3/1969,German
31,montoya,MON,Juan,Pablo Montoya,9/20/1975,Colombian
32,klien,KLI,Christian,Klien,2/7/1983,Austrian
33,monteiro,TMO,Tiago,Monteiro,7/24/1976,Portuguese
34,ide,IDE,Yuji,Ide,1/21/1975,Japanese
35,villeneuve,VIL,Jacques,Villeneuve,4/9/1971,Canadian
36,montagny,FMO,Franck,Montagny,1/5/1978,French
37,rosa,DLR,Pedro,de la Rosa,2/24/1971,Spanish
38,doornbos,DOO,Robert,Doornbos,9/23/1981,Dutch
39,karthikeyan,KAR,Narain,Karthikeyan,1/14/1977,Indian
40,friesacher,FRI,Patrick,Friesacher,9/26/1980,Austrian
41,zonta,ZON,Ricardo,Zonta,3/23/1976,Brazilian
42,pizzonia,PIZ,Antônio,Pizzonia,9/11/1980,Brazilian
43,matta,NaN,Cristiano,da Matta,9/19/1973,Brazilian
44,panis,NaN,Olivier,Panis,9/2/1966,French
45,pantano,NaN,Giorgio,Pantano,2/4/1979,Italian
46,bruni,NaN,Gianmaria,Bruni,5/30/1981,Italian
47,baumgartner,NaN,Zsolt,Baumgartner,1/1/1981,Hungarian
48,gene,NaN,Marc,Gené,3/29/1974,Spanish
49,frentzen,NaN,Heinz-Harald,Frentzen,5/18/1967,German
50,verstappen,NaN,Jos,Verstappen,3/4/1972,Dutch
51,wilson,NaN,Justin,Wilson,7/31/1978,British
52,firman,NaN,Ralph,Firman,5/20/1975,Irish
53,kiesa,NaN,Nicolas,Kiesa,3/3/1978,Danish
54,burti,NaN,Luciano,Burti,3/5/1975,Brazilian
55,alesi,NaN,Jean,Alesi,6/11/1964,French
56,irvine,NaN,Eddie,Irvine,11/10/1965,British
57,hakkinen,NaN,Mika,Häkkinen,9/28/1968,Finnish
58,marques,NaN,Tarso,Marques,1/19/1976,Brazilian
59,bernoldi,NaN,Enrique,Bernoldi,10/19/1978,Brazilian
60,mazzacane,NaN,Gastón,Mazzacane,5/8/1975,Argentine
61,enge,NaN,Tomáš,Enge,9/11/1976,Czech
62,yoong,NaN,Alex,Yoong,7/20/1976,Malaysian
63,salo,NaN,Mika,Salo,11/30/1966,Finnish
64,diniz,NaN,Pedro,Diniz,5/22/1970,Brazilian
65,herbert,NaN,Johnny,Herbert,6/25/1964,British
66,mcnish,NaN,Allan,McNish,12/29/1969,British
67,buemi,BUE,Sébastien,Buemi,10/31/1988,Swiss
68,takagi,NaN,Toranosuke,Takagi,2/12/1974,Japanese
69,badoer,BAD,Luca,Badoer,1/25/1971,Italian
70,zanardi,NaN,Alessandro,Zanardi,10/23/1966,Italian
71,damon_hill,NaN,Damon,Hill,9/17/1960,British
72,sarrazin,NaN,Stéphane,Sarrazin,11/2/1975,French
73,rosset,NaN,Ricardo,Rosset,7/27/1968,Brazilian
74,tuero,NaN,Esteban,Tuero,4/22/1978,Argentine
75,nakano,NaN,Shinji,Nakano,4/1/1971,Japanese
76,magnussen,MAG,Jan,Magnussen,7/4/1973,Danish
77,berger,NaN,Gerhard,Berger,8/27/1959,Austrian
78,larini,NaN,Nicola,Larini,3/19/1964,Italian
79,katayama,NaN,Ukyo,Katayama,5/29/1963,Japanese
80,sospiri,NaN,Vincenzo,Sospiri,10/7/1966,Italian
81,morbidelli,NaN,Gianni,Morbidelli,1/13/1968,Italian
82,fontana,NaN,Norberto,Fontana,1/20/1975,Argentine
83,lamy,NaN,Pedro,Lamy,3/20/1972,Portuguese
84,brundle,NaN,Martin,Brundle,6/1/1959,British
85,montermini,NaN,Andrea,Montermini,5/30/1964,Italian
86,lavaggi,NaN,Giovanni,Lavaggi,2/18/1958,Italian
87,blundell,NaN,Mark,Blundell,4/8/1966,British
88,suzuki,NaN,Aguri,Suzuki,9/8/1960,Japanese
89,inoue,NaN,Taki,Inoue,9/5/1963,Japanese
90,moreno,NaN,Roberto,Moreno,2/11/1959,Brazilian
91,wendlinger,NaN,Karl,Wendlinger,12/20/1968,Austrian
92,gachot,NaN,Bertrand,Gachot,12/23/1962,Belgian
93,schiattarella,NaN,Domenico,Schiattarella,11/17/1967,Italian
94,martini,NaN,Pierluigi,Martini,4/23/1961,Italian
95,mansell,NaN,Nigel,Mansell,8/8/1953,British
96,boullion,NaN,Jean-Christophe,Boullion,12/27/1969,French
97,papis,NaN,Massimiliano,Papis,10/3/1969,Italian
98,deletraz,NaN,Jean-Denis,Délétraz,10/1/1963,Swiss
99,tarquini,NaN,Gabriele,Tarquini,3/2/1962,Italian
100,comas,NaN,Érik,Comas,9/28/1963,French
101,brabham,NaN,David,Brabham,9/5/1965,Australian
102,senna,NaN,Ayrton,Senna,3/21/1960,Brazilian
103,bernard,NaN,Éric,Bernard,8/24/1964,French
104,fittipaldi,NaN,Christian,Fittipaldi,1/18/1971,Brazilian
105,alboreto,NaN,Michele,Alboreto,12/23/1956,Italian
106,beretta,NaN,Olivier,Beretta,11/23/1969,Monegasque
107,ratzenberger,NaN,Roland,Ratzenberger,7/4/1960,Austrian
108,belmondo,NaN,Paul,Belmondo,4/23/1963,French
109,lehto,NaN,Jyrki,Järvilehto,1/31/1966,Finnish
110,cesaris,NaN,Andrea,de Cesaris,5/31/1959,Italian
111,gounon,NaN,Jean-Marc,Gounon,1/1/1963,French
112,alliot,NaN,Philippe,Alliot,7/27/1954,French
113,adams,NaN,Philippe,Adams,11/19/1969,Belgian
114,dalmas,NaN,Yannick,Dalmas,7/28/1961,French
115,noda,NaN,Hideki,Noda,3/7/1969,Japanese
116,lagorce,NaN,Franck,Lagorce,9/1/1968,French
117,prost,NaN,Alain,Prost,2/24/1955,French
118,warwick,NaN,Derek,Warwick,8/27/1954,British
119,patrese,NaN,Riccardo,Patrese,4/17/1954,Italian
120,barbazza,NaN,Fabrizio,Barbazza,4/2/1963,Italian
121,andretti,NaN,Michael,Andretti,10/5/1962,American
122,capelli,NaN,Ivan,Capelli,5/24/1963,Italian
123,boutsen,NaN,Thierry,Boutsen,7/13/1957,Belgian
124,apicella,NaN,Marco,Apicella,10/7/1965,Italian
125,naspetti,NaN,Emanuele,Naspetti,2/24/1968,Italian
126,toshio_suzuki,NaN,Toshio,Suzuki,3/10/1955,Japanese
127,gugelmin,NaN,Maurício,Gugelmin,4/20/1963,Brazilian
128,poele,NaN,Eric,van de Poele,9/30/1961,Belgian
129,grouillard,NaN,Olivier,Grouillard,9/2/1958,French
130,chiesa,NaN,Andrea,Chiesa,5/6/1964,Swiss
131,modena,NaN,Stefano,Modena,5/12/1963,Italian
132,amati,NaN,Giovanna,Amati,7/20/1959,Italian
133,caffi,NaN,Alex,Caffi,3/18/1964,Italian
134,bertaggia,NaN,Enrico,Bertaggia,9/19/1964,Italian
135,mccarthy,NaN,Perry,McCarthy,3/3/1961,British
136,lammers,NaN,Jan,Lammers,6/2/1956,Dutch
137,piquet,NaN,Nelson,Piquet,8/17/1952,Brazilian
138,satoru_nakajima,NaN,Satoru,Nakajima,2/23/1953,Japanese
139,pirro,NaN,Emanuele,Pirro,1/12/1962,Italian
140,johansson,NaN,Stefan,Johansson,9/8/1956,Swedish
141,bailey,NaN,Julian,Bailey,10/9/1961,British
142,chaves,NaN,Pedro,Chaves,2/27/1965,Portuguese
143,bartels,NaN,Michael,Bartels,3/8/1968,German
144,hattori,NaN,Naoki,Hattori,6/13/1966,Japanese
145,nannini,NaN,Alessandro,Nannini,7/7/1959,Italian
146,schneider,NaN,Bernd,Schneider,7/20/1964,German
147,barilla,NaN,Paolo,Barilla,4/20/1961,Italian
148,foitek,NaN,Gregor,Foitek,3/27/1965,Swiss
149,langes,NaN,Claudio,Langes,7/20/1960,Italian
150,gary_brabham,NaN,Gary,Brabham,3/29/1961,Australian
151,donnelly,NaN,Martin,Donnelly,3/26/1964,British
152,giacomelli,NaN,Bruno,Giacomelli,9/10/1952,Italian
153,alguersuari,ALG,Jaime,Alguersuari,3/23/1990,Spanish
154,grosjean,GRO,Romain,Grosjean,4/17/1986,French
155,kobayashi,KOB,Kamui,Kobayashi,9/13/1986,Japanese
156,palmer,NaN,Jonathan,Palmer,11/7/1956,British
157,danner,NaN,Christian,Danner,4/4/1958,German
158,cheever,NaN,Eddie,Cheever,1/10/1958,American
159,sala,NaN,Luis,Pérez-Sala,5/15/1959,Spanish
160,ghinzani,NaN,Piercarlo,Ghinzani,1/16/1952,Italian
161,weidler,NaN,Volker,Weidler,3/18/1962,German
162,raphanel,NaN,Pierre-Henri,Raphanel,5/27/1961,French
163,arnoux,NaN,René,Arnoux,7/4/1948,French
164,joachim_winkelhock,NaN,Joachim,Winkelhock,10/24/1960,German
165,larrauri,NaN,Oscar,Larrauri,8/19/1954,Argentine
166,streiff,NaN,Philippe,Streiff,6/26/1955,French
167,campos,NaN,Adrián,Campos,6/17/1960,Spanish
168,schlesser,NaN,Jean-Louis,Schlesser,9/12/1948,French
169,fabre,NaN,Pascal,Fabre,1/9/1960,French
170,fabi,NaN,Teo,Fabi,3/9/1955,Italian
171,forini,NaN,Franco,Forini,9/22/1958,Swiss
172,laffite,NaN,Jacques,Laffite,11/21/1943,French
173,angelis,NaN,Elio,de Angelis,3/26/1958,Italian
174,dumfries,NaN,Johnny,Dumfries,4/26/1958,British
175,tambay,NaN,Patrick,Tambay,6/25/1949,French
176,surer,NaN,Marc,Surer,9/18/1951,Swiss
177,keke_rosberg,NaN,Keke,Rosberg,12/6/1948,Finnish
178,jones,NaN,Alan,Jones,11/2/1946,Australian
179,rothengatter,NaN,Huub,Rothengatter,10/8/1954,Dutch
180,berg,NaN,Allen,Berg,8/1/1961,Canadian
181,manfred_winkelhock,NaN,Manfred,Winkelhock,10/6/1951,German
182,lauda,NaN,Niki,Lauda,2/22/1949,Austrian
183,hesnault,NaN,François,Hesnault,12/30/1956,French
184,baldi,NaN,Mauro,Baldi,1/31/1954,Italian
185,bellof,NaN,Stefan,Bellof,11/20/1957,German
186,acheson,NaN,Kenny,Acheson,11/27/1957,British
187,watson,NaN,John,Watson,5/4/1946,British
188,cecotto,NaN,Johnny,Cecotto,1/25/1956,Venezuelan
189,gartner,NaN,Jo,Gartner,1/24/1954,Austrian
190,corrado_fabi,NaN,Corrado,Fabi,4/12/1961,Italian
191,thackwell,NaN,Mike,Thackwell,3/30/1961,New Zealander
192,serra,NaN,Chico,Serra,2/3/1957,Brazilian
193,sullivan,NaN,Danny,Sullivan,3/9/1950,American
194,salazar,NaN,Eliseo,Salazar,11/14/1954,Chilean
195,guerrero,NaN,Roberto,Guerrero,11/16/1958,Colombian
196,boesel,NaN,Raul,Boesel,12/4/1957,Brazilian
197,jarier,NaN,Jean-Pierre,Jarier,7/10/1946,French
198,villeneuve_sr,NaN,Jacques,Villeneuve Sr.,11/4/1953,Canadian
199,reutemann,NaN,Carlos,Reutemann,4/12/1942,Argentine
200,mass,NaN,Jochen,Mass,9/30/1946,German
201,borgudd,NaN,Slim,Borgudd,11/25/1946,Swedish
202,pironi,NaN,Didier,Pironi,3/26/1952,French
203,gilles_villeneuve,NaN,Gilles,Villeneuve,1/18/1950,Canadian
204,paletti,NaN,Riccardo,Paletti,6/15/1958,Italian
205,henton,NaN,Brian,Henton,9/19/1946,British
206,daly,NaN,Derek,Daly,3/11/1953,Irish
207,mario_andretti,NaN,Mario,Andretti,2/28/1940,American
208,villota,NaN,Emilio,de Villota,7/26/1946,Spanish
209,lees,NaN,Geoff,Lees,5/1/1951,British
210,byrne,NaN,Tommy,Byrne,5/6/1958,Irish
211,keegan,NaN,Rupert,Keegan,2/26/1955,British
212,rebaque,NaN,Hector,Rebaque,2/5/1956,Mexican
213,gabbiani,NaN,Beppe,Gabbiani,1/2/1957,Italian
214,cogan,NaN,Kevin,Cogan,3/31/1956,American
215,guerra,NaN,Miguel Ángel,Guerra,8/31/1953,Argentine
216,stohr,NaN,Siegfried,Stohr,10/10/1952,Italian
217,zunino,NaN,Ricardo,Zunino,4/13/1949,Argentine
218,londono,NaN,Ricardo,Londoño,8/8/1949,Colombian
219,jabouille,NaN,Jean-Pierre,Jabouille,10/1/1942,French
220,francia,NaN,Giorgio,Francia,11/8/1947,Italian
221,depailler,NaN,Patrick,Depailler,8/9/1944,French
222,scheckter,NaN,Jody,Scheckter,1/29/1950,South African
223,regazzoni,NaN,Clay,Regazzoni,9/5/1939,Swiss
224,emerson_fittipaldi,NaN,Emerson,Fittipaldi,12/12/1946,Brazilian
225,kennedy,NaN,Dave,Kennedy,1/15/1953,Irish
226,south,NaN,Stephen,South,2/19/1952,British
227,needell,NaN,Tiff,Needell,10/29/1951,British
228,desire_wilson,NaN,Desiré,Wilson,11/26/1953,South African
229,ertl,NaN,Harald,Ertl,8/31/1948,Austrian
230,brambilla,NaN,Vittorio,Brambilla,11/11/1937,Italian
231,hunt,NaN,James,Hunt,8/29/1947,British
232,merzario,NaN,Arturo,Merzario,3/11/1943,Italian
233,stuck,NaN,Hans-Joachim,Stuck,1/1/1951,German
234,brancatelli,NaN,Gianfranco,Brancatelli,1/18/1950,Italian
235,ickx,NaN,Jacky,Ickx,1/1/1945,Belgian
236,gaillard,NaN,Patrick,Gaillard,2/12/1952,French
237,ribeiro,NaN,Alex,Ribeiro,11/7/1948,Brazilian
238,peterson,NaN,Ronnie,Peterson,2/14/1944,Swedish
239,lunger,NaN,Brett,Lunger,11/14/1945,American
240,ongais,NaN,Danny,Ongais,5/21/1942,American
241,leoni,NaN,Lamberto,Leoni,5/24/1953,Italian
242,galica,NaN,Divina,Galica,8/13/1944,British
243,stommelen,NaN,Rolf,Stommelen,7/11/1943,German
244,colombo,NaN,Alberto,Colombo,2/23/1946,Italian
245,trimmer,NaN,Tony,Trimmer,1/24/1943,British
246,binder,NaN,Hans,Binder,6/12/1948,Austrian
247,bleekemolen,NaN,Michael,Bleekemolen,10/2/1949,Dutch
248,gimax,NaN,Carlo,Franchi,1/1/1938,Italian
249,rahal,NaN,Bobby,Rahal,1/10/1953,American
250,pace,NaN,Carlos,Pace,10/6/1944,Brazilian
251,ian_scheckter,NaN,Ian,Scheckter,8/22/1947,South African
252,pryce,NaN,Tom,Pryce,6/11/1949,British
253,hoffmann,NaN,Ingo,Hoffmann,2/28/1953,Brazilian
254,zorzi,NaN,Renzo,Zorzi,12/12/1946,Italian
255,nilsson,NaN,Gunnar,Nilsson,11/20/1948,Swedish
256,perkins,NaN,Larry,Perkins,3/18/1950,Australian
257,hayje,NaN,Boy,Lunger,5/3/1949,Dutch
258,neve,NaN,Patrick,Nève,10/13/1949,Belgian
259,purley,NaN,David,Purley,1/26/1945,British
260,andersson,NaN,Conny,Andersson,12/28/1939,Swedish
261,dryver,NaN,Bernard,de Dryver,9/19/1952,Belgian
262,oliver,NaN,Jackie,Oliver,8/14/1942,British
263,kozarowitzky,NaN,Mikko,Kozarowitzky,5/17/1948,Finnish
264,sutcliffe,NaN,Andy,Sutcliffe,5/9/1947,British
265,edwards,NaN,Guy,Edwards,12/30/1942,British
266,mcguire,NaN,Brian,McGuire,12/13/1945,Australian
267,schuppan,NaN,Vern,Schuppan,3/19/1943,Australian
268,heyer,NaN,Hans,Heyer,3/16/1943,German
269,pilette,NaN,Teddy,Pilette,7/26/1942,Belgian
270,ashley,NaN,Ian,Ashley,10/26/1947,British
271,kessel,NaN,Loris,Kessel,4/1/1950,Swiss
272,takahashi,NaN,Kunimitsu,Takahashi,1/29/1940,Japanese
273,hoshino,NaN,Kazuyoshi,Hoshino,7/1/1947,Japanese
274,takahara,NaN,Noritake,Takahara,6/6/1951,Japanese
275,lombardi,NaN,Lella,Lombardi,3/26/1941,Italian
276,evans,NaN,Bob,Evans,6/11/1947,British
277,leclere,NaN,Michel,Leclère,3/18/1946,French
278,amon,NaN,Chris,Amon,7/20/1943,New Zealander
279,zapico,NaN,Emilio,Zapico,5/27/1944,Spanish
280,pescarolo,NaN,Henri,Pescarolo,9/25/1942,French
281,nelleman,NaN,Jac,Nelleman,4/19/1944,Danish
282,magee,NaN,Damien,Magee,11/17/1945,British
283,wilds,NaN,Mike,Wilds,1/7/1946,British
284,pesenti_rossi,NaN,Alessandro,Pesenti-Rossi,8/31/1942,Italian
285,stuppacher,NaN,Otto,Stuppacher,3/3/1947,Austrian
286,brown,NaN,Warwick,Brown,12/24/1949,Australian
287,hasemi,NaN,Masahiro,Hasemi,11/13/1945,Japanese
288,donohue,NaN,Mark,Donohue,3/18/1937,American
289,hill,NaN,Graham,Hill,2/15/1929,British
290,wilson_fittipaldi,NaN,Wilson,Fittipaldi,12/25/1943,Brazilian
291,tunmer,NaN,Guy,Tunmer,12/1/1948,South African
292,keizan,NaN,Eddie,Keizan,9/12/1944,South African
293,charlton,NaN,Dave,Charlton,10/27/1936,South African
294,brise,NaN,Tony,Brise,3/28/1952,British
295,wunderink,NaN,Roelof,Wunderink,12/12/1948,Dutch
296,migault,NaN,François,Migault,12/4/1944,French
297,palm,NaN,Torsten,Palm,7/23/1947,Swedish
298,lennep,NaN,Gijs,van Lennep,3/16/1942,Dutch
299,fushida,NaN,Hiroshi,Fushida,3/10/1946,Japanese
300,nicholson,NaN,John,Nicholson,10/6/1941,New Zealander
301,morgan,NaN,Dave,Morgan,8/7/1944,British
302,crawford,NaN,Jim,Crawford,2/13/1948,British
303,vonlanthen,NaN,Jo,Vonlanthen,5/31/1942,Swiss
304,hulme,NaN,Denny,Hulme,6/18/1936,New Zealander
305,hailwood,NaN,Mike,Hailwood,4/2/1940,British
306,beltoise,NaN,Jean-Pierre,Beltoise,4/26/1937,French
307,ganley,NaN,Howden,Ganley,12/24/1941,New Zealander
308,robarts,NaN,Richard,Robarts,9/22/1944,British
309,revson,NaN,Peter,Revson,2/27/1939,American
310,driver,NaN,Paddy,Driver,5/13/1934,South African
311,belso,NaN,Tom,Belsø,8/27/1942,Danish
312,redman,NaN,Brian,Redman,3/9/1937,British
313,opel,NaN,Rikky,von Opel,10/14/1947,Liechtensteiner
314,schenken,NaN,Tim,Schenken,9/26/1943,Australian
315,larrousse,NaN,Gérard,Larrousse,5/23/1940,French
316,kinnunen,NaN,Leo,Kinnunen,8/5/1943,Finnish
317,wisell,NaN,Reine,Wisell,9/30/1941,Swedish
318,roos,NaN,Bertil,Roos,10/12/1943,Swedish
319,dolhem,NaN,José,Dolhem,4/26/1944,French
320,gethin,NaN,Peter,Gethin,2/21/1940,British
321,bell,NaN,Derek,Bell,10/31/1941,British
322,hobbs,NaN,David,Hobbs,6/9/1939,British
323,quester,NaN,Dieter,Quester,5/30/1939,Austrian
324,koinigg,NaN,Helmuth,Koinigg,11/3/1948,Austrian
325,facetti,NaN,Carlo,Facetti,6/26/1935,Italian
326,wietzes,NaN,Eppie,Wietzes,5/28/1938,Canadian
327,cevert,NaN,François,Cevert,2/25/1944,French
328,stewart,NaN,Jackie,Stewart,6/11/1939,British
329,beuttler,NaN,Mike,Beuttler,4/13/1940,British
330,galli,NaN,Nanni,Galli,10/2/1940,Italian
331,bueno,NaN,Luiz,Bueno,1/16/1937,Brazilian
332,follmer,NaN,George,Follmer,1/27/1934,American
333,adamich,NaN,Andrea,de Adamich,10/3/1941,Italian
334,pretorius,NaN,Jackie,Pretorius,11/22/1934,South African
335,williamson,NaN,Roger,Williamson,2/2/1948,British
336,mcrae,NaN,Graham,McRae,3/5/1940,New Zealander
337,marko,NaN,Helmut,Marko,4/27/1943,Austrian
338,walker,NaN,David,Walker,6/10/1941,Australian
339,roig,NaN,Alex,Soler-Roig,10/29/1932,Spanish
340,love,NaN,John,Love,12/7/1924,Rhodesian
341,surtees,NaN,John,Surtees,2/11/1934,British
342,barber,NaN,Skip,Barber,11/16/1936,American
343,brack,NaN,Bill,Brack,12/26/1935,Canadian
344,posey,NaN,Sam,Posey,5/26/1944,American
345,rodriguez,NaN,Pedro,Rodríguez,1/18/1940,Mexican
346,siffert,NaN,Jo,Siffert,7/7/1936,Swiss
347,bonnier,NaN,Jo,Bonnier,1/31/1930,Swedish
348,mazet,NaN,François,Mazet,2/24/1943,French
349,jean,NaN,Max,Jean,7/27/1943,French
350,elford,NaN,Vic,Elford,6/10/1935,British
351,moser,NaN,Silvio,Moser,4/24/1941,Swiss
352,eaton,NaN,George,Eaton,11/12/1945,Canadian
353,lovely,NaN,Pete,Lovely,4/11/1926,American
354,craft,NaN,Chris,Craft,11/17/1939,British
355,cannoc,NaN,John,Cannon,6/21/1933,Canadian
356,jack_brabham,NaN,Jack,Brabham,4/2/1926,Australian
357,miles,NaN,John,Miles,6/14/1943,British
358,rindt,NaN,Jochen,Rindt,4/18/1942,Austrian
359,gavin,NaN,Johnny,Servoz-Gavin,1/18/1942,French
360,mclaren,NaN,Bruce,McLaren,8/30/1937,New Zealander
361,courage,NaN,Piers,Courage,5/27/1942,British
362,klerk,NaN,Peter,de Klerk,3/16/1935,South African
363,giunti,NaN,Ignazio,Giunti,8/30/1941,Italian
364,gurney,NaN,Dan,Gurney,4/13/1931,American
365,hahne,NaN,Hubert,Hahne,3/28/1935,German
366,hutchison,NaN,Gus,Hutchison,4/26/1937,American
367,westbury,NaN,Peter,Westbury,5/26/1938,British
368,tingle,NaN,Sam,Tingle,8/24/1921,Rhodesian
369,rooyen,NaN,Basil,van Rooyen,4/19/1939,South African
370,attwood,NaN,Richard,Attwood,4/4/1940,British
371,pease,NaN,Al,Pease,10/15/1921,Canadian
372,cordts,NaN,John,Cordts,7/23/1935,Canadian
373,clark,NaN,Jim,Clark,3/4/1936,British
374,spence,NaN,Mike,Spence,12/30/1936,British
375,scarfiotti,NaN,Ludovico,Scarfiotti,10/18/1933,Italian
376,bianchi,BIA,Lucien,Bianchi,11/10/1934,Belgian
377,jo_schlesser,NaN,Jo,Schlesser,5/18/1928,French
378,widdows,NaN,Robin,Widdows,5/27/1942,British
379,ahrens,NaN,Kurt,Ahrens,4/19/1940,German
380,gardner,NaN,Frank,Gardner,10/1/1930,Australian
381,unser,NaN,Bobby,Unser,2/20/1934,American
382,solana,NaN,Moisés,Solana,12/26/1935,Mexican
383,anderson,NaN,Bob,Anderson,5/19/1931,British
384,botha,NaN,Luki,Botha,1/16/1930,South African
385,bandini,NaN,Lorenzo,Bandini,12/21/1935,Italian
386,ginther,NaN,Richie,Ginther,8/5/1930,American
387,parkes,NaN,Mike,Parkes,9/24/1931,British
388,irwin,NaN,Chris,Irwin,6/27/1942,British
389,ligier,NaN,Guy,Ligier,7/12/1930,French
390,rees,NaN,Alan,Rees,1/12/1938,British
391,hart,NaN,Brian,Hart,9/7/1936,British
392,fisher,NaN,Mike,Fisher,3/13/1943,American
393,tom_jones,NaN,Tom,Jones,4/26/1943,American
394,baghetti,NaN,Giancarlo,Baghetti,12/25/1934,Italian
395,williams,NaN,Jonathan,Williams,10/26/1942,British
396,bondurant,NaN,Bob,Bondurant,4/27/1933,American
397,arundell,NaN,Peter,Arundell,11/8/1933,British
398,vic_wilson,NaN,Vic,Wilson,4/14/1931,British
399,taylor,NaN,John,Taylor,3/23/1933,British
400,lawrence,NaN,Chris,Lawrence,7/27/1933,British
401,trevor_taylor,NaN,Trevor,Taylor,12/26/1936,British
402,geki,NaN,Giacomo,Russo,10/23/1937,Italian
403,phil_hill,NaN,Phil,Hill,4/20/1927,American
404,ireland,NaN,Innes,Ireland,6/12/1930,British
405,bucknum,NaN,Ronnie,Bucknum,4/5/1936,American
406,hawkins,NaN,Paul,Hawkins,10/12/1937,Australian
407,prophet,NaN,David,Prophet,10/9/1937,British
408,maggs,NaN,Tony,Maggs,2/9/1937,South African
409,blokdyk,NaN,Trevor,Blokdyk,11/30/1935,South African
410,lederle,NaN,Neville,Lederle,9/25/1938,South African
411,serrurier,NaN,Doug,Serrurier,12/9/1920,South African
412,niemann,NaN,Brausch,Niemann,1/7/1939,South African
413,pieterse,NaN,Ernie,Pieterse,7/4/1938,South African
414,puzey,NaN,Clive,Puzey,7/11/1941,Rhodesian
415,reed,NaN,Ray,Reed,4/30/1932,South African
416,clapham,NaN,David,Clapham,5/18/1931,South African
417,blignaut,NaN,Alex,Blignaut,11/30/1932,South African
418,gregory,NaN,Masten,Gregory,2/29/1932,American
419,rhodes,NaN,John,Rhodes,8/18/1927,British
420,raby,NaN,Ian,Raby,9/22/1921,British
421,rollinson,NaN,Alan,Rollinson,5/15/1943,British
422,gubby,NaN,Brian,Gubby,4/17/1934,British
423,mitter,NaN,Gerhard,Mitter,8/30/1935,German
424,bussinello,NaN,Roberto,Bussinello,10/4/1927,Italian
425,vaccarella,NaN,Nino,Vaccarella,3/4/1933,Italian
426,bassi,NaN,Giorgio,Bassi,1/20/1934,Italian
427,trintignant,NaN,Maurice,Trintignant,10/30/1917,French
428,collomb,NaN,Bernard,Collomb,10/7/1930,French
429,andre_pilette,NaN,André,Pilette,10/6/1918,Belgian
430,beaufort,NaN,Carel Godin,de Beaufort,4/10/1934,Dutch
431,barth,NaN,Edgar,Barth,1/26/1917,German
432,cabral,NaN,Mário de Araújo,Cabral,1/15/1934,Portuguese
433,hansgen,NaN,Walt,Hansgen,10/28/1919,American
434,sharp,NaN,Hap,Sharp,1/1/1928,American
435,mairesse,NaN,Willy,Mairesse,10/1/1928,Belgian
436,campbell-jones,NaN,John,Campbell-Jones,1/21/1930,British
437,burgess,NaN,Ian,Burgess,7/6/1930,British
438,settember,NaN,Tony,Settember,7/10/1926,American
439,estefano,NaN,Nasif,Estéfano,11/18/1932,Argentine
440,hall,NaN,Jim,Hall,7/23/1935,American
441,parnell,NaN,Tim,Parnell,6/25/1932,British
442,kuhnke,NaN,Kurt,Kuhnke,4/30/1910,German
443,ernesto_brambilla,NaN,Ernesto,Brambilla,1/31/1934,Italian
444,lippi,NaN,Roberto,Lippi,10/17/1926,Italian
445,seiffert,NaN,Günther,Seiffert,10/18/1937,German
446,abate,NaN,Carlo,Abate,7/10/1932,Italian
447,starrabba,NaN,Gaetano,Starrabba,12/3/1932,Italian
448,broeker,NaN,Peter,Broeker,5/15/1926,Canadian
449,ward,NaN,Rodger,Ward,1/10/1921,American
450,vos,NaN,Ernie,de Vos,7/1/1941,Dutch
451,dochnal,NaN,Frank,Dochnal,10/8/1920,American
452,monarch,NaN,Thomas,Monarch,9/3/1945,American
842,gasly,GAS,Pierre,Gasly,2/7/1996,French
453,lewis,NaN,Jackie,Lewis,11/1/1936,British
454,ricardo_rodriguez,NaN,Ricardo,Rodríguez,2/14/1942,Mexican
455,seidel,NaN,Wolfgang,Seidel,7/4/1926,German
456,salvadori,NaN,Roy,Salvadori,5/12/1922,British
457,pon,NaN,Ben,Pon,12/9/1936,Dutch
458,slotemaker,NaN,Rob,Slotemaker,6/13/1929,Dutch
459,marsh,NaN,Tony,Marsh,7/20/1931,British
460,ashmore,NaN,Gerry,Ashmore,7/25/1936,British
461,schiller,NaN,Heinz,Schiller,1/25/1930,Swiss
462,davis,NaN,Colin,Davis,7/29/1933,British
463,chamberlain,NaN,Jay,Chamberlain,12/29/1925,American
464,shelly,NaN,Tony,Shelly,2/2/1937,New Zealander
465,greene,NaN,Keith,Greene,1/5/1938,British
466,walter,NaN,Heini,Walter,7/28/1927,Swiss
467,prinoth,NaN,Ernesto,Prinoth,4/15/1923,Italian
468,penske,NaN,Roger,Penske,2/20/1937,American
469,schroeder,NaN,Rob,Schroeder,5/11/1926,British
470,mayer,NaN,Timmy,Mayer,2/22/1938,American
471,johnstone,NaN,Bruce,Johnstone,1/30/1937,South African
472,harris,NaN,Mike,Harris,5/25/1939,South African
473,hocking,NaN,Gary,Hocking,9/30/1937,Rhodesian
474,vyver,NaN,Syd,van der Vyver,6/1/1920,South African
475,moss,NaN,Stirling,Moss,9/17/1929,British
476,trips,NaN,Wolfgang,von Trips,5/4/1928,German
477,allison,NaN,Cliff,Allison,2/8/1932,British
478,herrmann,NaN,Hans,Herrmann,2/23/1928,German
479,brooks,NaN,Tony,Brooks,2/25/1932,British
480,may,NaN,Michael,May,8/18/1934,Swiss
481,henry_taylor,NaN,Henry,Taylor,12/16/1932,British
482,gendebien,NaN,Olivier,Gendebien,1/12/1924,Belgian
483,scarlatti,NaN,Giorgio,Scarlatti,10/2/1921,Italian
484,naylor,NaN,Brian,Naylor,3/24/1923,British
485,bordeu,NaN,Juan Manuel,Bordeu,1/28/1934,Argentine
486,fairman,NaN,Jack,Fairman,3/15/1913,British
487,natili,NaN,Massimo,Natili,7/28/1935,Italian
488,monteverdi,NaN,Peter,Monteverdi,6/7/1934,Swiss
489,pirocchi,NaN,Renato,Pirocchi,3/26/1933,Italian
490,duke,NaN,Geoff,Duke,3/29/1923,British
491,thiele,NaN,Alfonso,Thiele,4/5/1920,American-Italian
492,boffa,NaN,Menato,Boffa,1/4/1930,Italian
493,ryan,NaN,Peter,Ryan,6/10/1940,Canadian
494,ruby,NaN,Lloyd,Ruby,1/12/1928,American
495,ken_miles,NaN,Ken,Miles,11/1/1918,British
496,menditeguy,NaN,Carlos,Menditeguy,8/10/1914,Argentine
497,larreta,NaN,Alberto Rodriguez,Larreta,1/14/1934,Argentine
498,gonzalez,NaN,José Froilán,González,10/5/1922,Argentine
499,bonomi,NaN,Roberto,Bonomi,9/30/1919,Argentine
500,munaron,NaN,Gino,Munaron,4/2/1928,Italian
501,schell,NaN,Harry,Schell,6/29/1921,American
502,stacey,NaN,Alan,Stacey,8/29/1933,British
503,chimeri,NaN,Ettore,Chimeri,6/4/1921,Venezuelan
504,creus,NaN,Antonio,Creus,10/28/1924,Spanish
505,bristow,NaN,Chris,Bristow,12/2/1937,British
506,halford,NaN,Bruce,Halford,5/18/1931,British
507,daigh,NaN,Chuck,Daigh,11/29/1923,American
508,reventlow,NaN,Lance,Reventlow,2/24/1936,American
509,rathmann,NaN,Jim,Rathmann,7/16/1928,American
510,goldsmith,NaN,Paul,Goldsmith,10/2/1925,American
511,branson,NaN,Don,Branson,6/2/1920,American
512,thomson,NaN,Johnny,Thomson,4/9/1922,American
513,johnson,NaN,Eddie,Johnson,2/10/1919,American
514,veith,NaN,Bob,Veith,11/1/1926,American
515,tingelstad,NaN,Bud,Tingelstad,4/4/1928,American
516,christie,NaN,Bob,Christie,4/4/1924,American
517,amick,NaN,Red,Amick,1/19/1929,American
518,darter,NaN,Duane,Carter,5/5/1913,American
519,homeier,NaN,Bill,Homeier,8/31/1918,American
520,hartley,NaN,Gene,Hartley,1/28/1926,American
521,stevenson,NaN,Chuck,Stevenson,10/15/1919,American
522,grim,NaN,Bobby,Grim,9/4/1924,American
523,templeman,NaN,Shorty,Templeman,8/12/1919,American
524,hurtubise,NaN,Jim,Hurtubise,12/5/1932,American
525,bryan,NaN,Jimmy,Bryan,1/28/1926,American
526,ruttman,NaN,Troy,Ruttman,3/11/1930,American
527,sachs,NaN,Eddie,Sachs,5/28/1927,American
528,freeland,NaN,Don,Freeland,3/25/1925,American
529,bettenhausen,NaN,Tony,Bettenhausen,9/12/1916,American
530,weiler,NaN,Wayne,Weiler,12/9/1934,American
531,foyt,NaN,Anthony,Foyt,1/16/1935,American
532,russo,NaN,Eddie,Russo,11/19/1925,American
533,boyd,NaN,Johnny,Boyd,8/19/1926,American
534,force,NaN,Gene,Force,6/15/1916,American
535,mcwithey,NaN,Jim,McWithey,7/4/1927,American
536,sutton,NaN,Len,Sutton,8/9/1925,American
537,dick_rathmann,NaN,Dick,Rathmann,1/6/1924,American
538,herman,NaN,Al,Herman,3/15/1927,American
539,dempsey_wilson,NaN,Dempsey,Wilson,3/11/1927,American
540,mike_taylor,NaN,Mike,Taylor,4/24/1934,British
541,flockhart,NaN,Ron,Flockhart,6/16/1923,British
542,piper,NaN,David,Piper,12/2/1930,British
543,cabianca,NaN,Giulio,Cabianca,2/19/1923,Italian
544,drogo,NaN,Piero,Drogo,8/8/1926,Italian
545,gamble,NaN,Fred,Gamble,3/17/1932,American
546,owen,NaN,Arthur,Owen,3/23/1915,British
547,gould,NaN,Horace,Gould,9/20/1918,British
548,drake,NaN,Bob,Drake,12/14/1919,American
549,bueb,NaN,Ivor,Bueb,6/6/1923,British
550,changy,NaN,Alain,de Changy,2/5/1922,Belgian
551,filippis,NaN,Maria,de Filippis,11/11/1926,Italian
552,lucienbonnet,NaN,Jean,Lucienbonnet,1/7/1923,French
553,testut,NaN,André,Testut,4/13/1926,Monegasque
554,behra,NaN,Jean,Behra,2/16/1921,French
555,paul_russo,NaN,Paul,Russo,4/10/1914,American
556,daywalt,NaN,Jimmy,Daywalt,8/28/1924,American
557,arnold,NaN,Chuck,Arnold,5/30/1926,American
558,keller,NaN,Al,Keller,4/11/1920,American
559,flaherty,NaN,Pat,Flaherty,1/6/1926,American
560,cheesbourg,NaN,Bill,Cheesbourg,6/12/1927,American
561,ray_crawford,NaN,Ray,Crawford,10/26/1915,American
562,turner,NaN,Jack,Turner,2/12/1920,American
563,weyant,NaN,Chuck,Weyant,4/3/1923,American
564,larson,NaN,Jud,Larson,1/21/1923,American
565,magill,NaN,Mike,Magill,2/8/1920,American
566,shelby,NaN,Carroll,Shelby,1/11/1923,American
567,orey,NaN,Fritz,d'Orey,3/25/1938,Brazilian
568,fontes,NaN,Azdrubal,Fontes,12/26/1922,Uruguayan
569,ashdown,NaN,Peter,Ashdown,10/16/1934,British
570,bill_moss,NaN,Bill,Moss,9/4/1933,British
571,dennis_taylor,NaN,Dennis,Taylor,6/12/1921,British
572,blanchard,NaN,Harry,Blanchard,6/13/1929,American
573,tomaso,NaN,Alessandro,de Tomaso,7/10/1928,Argentine-Italian
574,constantine,NaN,George,Constantine,2/22/1918,American
575,said,NaN,Bob,Said,5/5/1932,American
576,cade,NaN,Phil,Cade,6/12/1916,American
577,musso,NaN,Luigi,Musso,7/28/1924,Italian
578,hawthorn,NaN,Mike,Hawthorn,4/10/1929,British
579,fangio,NaN,Juan,Fangio,6/24/1911,Argentine
580,godia,NaN,Paco,Godia,3/21/1921,Spanish
581,collins,NaN,Peter,Collins,11/6/1931,British
582,kavanagh,NaN,Ken,Kavanagh,12/12/1923,Australian
583,gerini,NaN,Gerino,Gerini,8/10/1928,Italian
584,kessler,NaN,Bruce,Kessler,3/23/1936,American
585,emery,NaN,Paul,Emery,11/12/1916,British
586,piotti,NaN,Luigi,Piotti,10/27/1913,Italian
587,ecclestone,NaN,Bernie,Ecclestone,10/28/1930,British
588,taramazzo,NaN,Luigi,Taramazzo,5/5/1932,Italian
589,chiron,NaN,Louis,Chiron,1899-08-03,Monegasque
590,lewis-evans,NaN,Stuart,Lewis-Evans,4/20/1930,British
591,george_amick,NaN,George,Amick,10/24/1924,American
592,reece,NaN,Jimmy,Reece,11/17/1929,American
593,parsons,NaN,Johnnie,Parsons,7/4/1918,American
594,tolan,NaN,Johnnie,Tolan,10/22/1917,American
595,garrett,NaN,Billy,Garrett,4/24/1933,American
596,elisian,NaN,Ed,Elisian,12/9/1926,American
597,connor,NaN,Pat,O'Connor,10/9/1928,American
598,jerry_unser,NaN,Jerry,Unser,11/15/1932,American
599,bisch,NaN,Art,Bisch,11/10/1926,American
600,goethals,NaN,Christian,Goethals,8/4/1928,Belgian
601,gibson,NaN,Dick,Gibson,4/16/1918,British
602,la_caze,NaN,Robert,La Caze,2/26/1917,French
603,guelfi,NaN,André,Guelfi,5/6/1919,French
604,picard,NaN,François,Picard,4/26/1921,French
605,bridger,NaN,Tom,Bridger,6/24/1934,British
606,portago,NaN,Alfonso,de Portago,10/11/1928,Spanish
607,perdisa,NaN,Cesare,Perdisa,10/21/1932,Italian
608,castellotti,NaN,Eugenio,Castellotti,10/10/1930,Italian
609,simon,NaN,André,Simon,1/5/1920,French
610,leston,NaN,Les,Leston,12/16/1920,British
611,hanks,NaN,Sam,Hanks,7/13/1914,American
612,linden,NaN,Andy,Linden,4/5/1922,American
613,teague,NaN,Marshall,Teague,2/22/1921,American
614,edmunds,NaN,Don,Edmunds,9/23/1930,American
615,agabashian,NaN,Fred,Agabashian,8/21/1913,American
616,george,NaN,Elmer,George,7/15/1928,American
617,macdowel,NaN,Mike,MacDowel,9/13/1932,British
618,mackay-fraser,NaN,Herbert,MacKay-Fraser,6/23/1927,American
619,gerard,NaN,Bob,Gerard,1/19/1914,British
620,maglioli,NaN,Umberto,Maglioli,6/5/1928,Italian
621,england,NaN,Paul,England,3/28/1929,Australian
622,landi,NaN,Chico,Landi,7/14/1907,Brazilian
623,uria,NaN,Alberto,Uria,7/11/1924,Uruguayan
624,ramos,NaN,Hernando,da Silva Ramos,12/7/1925,Brazilian
625,bayol,NaN,Élie,Bayol,2/28/1914,French
626,manzon,NaN,Robert,Manzon,4/12/1917,French
627,rosier,NaN,Louis,Rosier,11/5/1905,French
628,sweikert,NaN,Bob,Sweikert,5/20/1926,American
629,griffith,NaN,Cliff,Griffith,2/6/1916,American
630,dinsmore,NaN,Duke,Dinsmore,4/10/1913,American
631,andrews,NaN,Keith,Andrews,6/15/1920,American
632,frere,NaN,Paul,Frère,1/30/1917,Belgian
633,villoresi,NaN,Luigi,Villoresi,5/16/1909,Italian
634,scotti,NaN,Piero,Scotti,11/11/1909,Italian
635,chapman,NaN,Colin,Chapman,5/19/1928,British
636,titterington,NaN,Desmond,Titterington,5/1/1928,British
637,scott_brown,NaN,Archie,Scott Brown,5/13/1927,British
638,volonterio,NaN,Ottorino,Volonterio,12/7/1917,Swiss
639,milhoux,NaN,André,Milhoux,12/9/1928,Belgian
640,graffenried,NaN,Toulo,de Graffenried,5/18/1914,Swiss
641,taruffi,NaN,Piero,Taruffi,10/12/1906,Italian
642,farina,NaN,Nino,Farina,10/30/1906,Italian
643,mieres,NaN,Roberto,Mieres,12/3/1924,Argentine
644,mantovani,NaN,Sergio,Mantovani,5/22/1929,Italian
645,bucci,NaN,Clemar,Bucci,9/4/1920,Argentine
646,iglesias,NaN,Jesús,Iglesias,2/22/1922,Argentine
647,ascari,NaN,Alberto,Ascari,7/13/1918,Italian
648,kling,NaN,Karl,Kling,9/16/1910,German
649,birger,NaN,Pablo,Birger,1/7/1924,Argentine
650,pollet,NaN,Jacques,Pollet,7/2/1922,French
651,macklin,NaN,Lance,Macklin,9/2/1919,British
652,whiteaway,NaN,Ted,Whiteaway,11/1/1928,British
653,davies,NaN,Jimmy,Davies,8/8/1929,American
654,faulkner,NaN,Walt,Faulkner,2/16/1920,American
655,niday,NaN,Cal,Niday,4/29/1914,American
656,cross,NaN,Art,Cross,1/24/1918,American
657,vukovich,NaN,Bill,Vukovich,12/13/1918,American
658,mcgrath,NaN,Jack,McGrath,10/8/1919,American
659,hoyt,NaN,Jerry,Hoyt,1/29/1929,American
660,claes,NaN,Johnny,Claes,8/11/1916,Belgian
661,peter_walker,NaN,Peter,Walker,10/7/1912,British
662,sparken,NaN,Mike,Sparken,6/16/1930,French
663,wharton,NaN,Ken,Wharton,3/21/1916,British
664,mcalpine,NaN,Kenneth,McAlpine,9/21/1920,British
665,marr,NaN,Leslie,Marr,8/14/1922,British
666,rolt,NaN,Tony,Rolt,10/16/1918,British
667,fitch,NaN,John,Fitch,8/4/1917,American
668,lucas,NaN,Jean,Lucas,4/25/1917,French
669,bira,NaN,Prince,Bira,7/15/1914,Thai
670,marimon,NaN,Onofre,Marimón,12/19/1923,Argentine
671,loyer,NaN,Roger,Loyer,8/5/1907,French
672,daponte,NaN,Jorge,Daponte,6/5/1923,Argentine
673,nazaruk,NaN,Mike,Nazaruk,10/2/1921,American
674,crockett,NaN,Larry,Crockett,10/23/1926,American
675,ayulo,NaN,Manny,Ayulo,10/20/1921,American
676,armi,NaN,Frank,Armi,10/12/1918,American
677,webb,NaN,Travis,Webb,10/8/1910,American
678,duncan,NaN,Len,Duncan,7/25/1911,American
679,mccoy,NaN,Ernie,McCoy,2/19/1921,American
680,swaters,NaN,Jacques,Swaters,10/30/1926,American
681,georges_berger,NaN,Georges,Berger,9/14/1918,Belgian
682,beauman,NaN,Don,Beauman,7/26/1928,British
683,thorne,NaN,Leslie,Thorne,6/23/1916,British
684,whitehouse,NaN,Bill,Whitehouse,4/1/1909,British
685,riseley_prichard,NaN,John,Riseley-Prichard,1/17/1924,British
686,reg_parnell,NaN,Reg,Parnell,7/2/1911,British
687,whitehead,NaN,Peter,Whitehead,11/12/1914,British
688,brandon,NaN,Eric,Brandon,7/18/1920,British
689,alan_brown,NaN,Alan,Brown,11/20/1919,British
690,nuckey,NaN,Rodney,Nuckey,6/26/1929,British
691,lang,NaN,Hermann,Lang,4/6/1909,German
692,helfrich,NaN,Theo,Helfrich,5/13/1913,German
693,wacker,NaN,Fred,Wacker,7/10/1918,American
694,riu,NaN,Giovanni,de Riu,3/10/1925,Italian
695,galvez,NaN,Oscar,Gálvez,8/17/1913,Argentine
696,john_barber,NaN,John,Barber,7/22/1929,British
697,bonetto,NaN,Felice,Bonetto,6/9/1903,Italian
698,cruz,NaN,Adolfo,Cruz,6/28/1923,Argentine
699,nalon,NaN,Duke,Nalon,3/2/1913,American
700,scarborough,NaN,Carl,Scarborough,7/3/1914,American
701,holland,NaN,Bill,Holland,12/18/1907,American
702,bob_scott,NaN,Bob,Scott,10/4/1928,American
703,legat,NaN,Arthur,Legat,1898-11-01,Belgian
704,cabantous,NaN,Yves,Cabantous,10/8/1904,French
705,crook,NaN,Tony,Crook,2/16/1920,British
706,jimmy_stewart,NaN,Jimmy,Stewart,3/6/1931,British
707,ian_stewart,NaN,Ian,Stewart,7/15/1929,British
708,duncan_hamilton,NaN,Duncan,Hamilton,4/30/1920,British
709,klodwig,NaN,Ernst,Klodwig,5/23/1903,East German
710,krause,NaN,Rudolf,Krause,3/30/1907,East German
711,karch,NaN,Oswald,Karch,3/6/1917,German
712,heeks,NaN,Willi,Heeks,2/13/1922,German
713,fitzau,NaN,Theo,Fitzau,2/10/1923,East German
714,adolff,NaN,Kurt,Adolff,11/5/1921,German
715,bechem,NaN,Günther,Bechem,12/21/1921,German
716,bauer,NaN,Erwin,Bauer,7/17/1912,German
717,hans_stuck,NaN,Hans,von Stuck,12/27/1900,German
718,loof,NaN,Ernst,Loof,7/4/1907,German
719,scherrer,NaN,Albert,Scherrer,2/28/1908,Swiss
720,terra,NaN,Max,de Terra,10/6/1918,Swiss
721,hirt,NaN,Peter,Hirt,3/30/1910,Swiss
722,carini,NaN,Piero,Carini,3/6/1921,Italian
723,fischer,NaN,Rudi,Fischer,4/19/1912,Swiss
724,ulmen,NaN,Toni,Ulmen,1/25/1906,German
725,abecassis,NaN,George,Abecassis,3/21/1913,British
726,george_connor,NaN,George,Connor,8/16/1906,American
727,rigsby,NaN,Jim,Rigsby,6/6/1923,American
728,james,NaN,Joe,James,5/23/1925,American
729,schindler,NaN,Bill,Schindler,3/6/1909,American
730,fonder,NaN,George,Fonder,6/22/1917,American
731,banks,NaN,Henry,Banks,6/14/1913,American
732,mcdowell,NaN,Johnny,McDowell,1/29/1915,American
733,miller,NaN,Chet,Miller,7/19/1902,American
734,ball,NaN,Bobby,Ball,8/26/1925,American
735,tornaco,NaN,Charles,de Tornaco,6/7/1927,Belgian
736,laurent,NaN,Roger,Laurent,2/21/1913,Belgian
737,obrien,NaN,Robert,O'Brien,4/11/1908,American
738,gaze,NaN,Tony,Gaze,2/3/1920,Australian
739,charrington,NaN,Robin,Montgomerie-Charrington,6/23/1915,British
740,comotti,NaN,Franco,Comotti,7/24/1906,Italian
741,etancelin,NaN,Philippe,Étancelin,1896-12-28,French
742,poore,NaN,Dennis,Poore,8/19/1916,British
743,thompson,NaN,Eric,Thompson,11/4/1919,British
744,downing,NaN,Ken,Downing,12/5/1917,British
745,graham_whitehead,NaN,Graham,Whitehead,4/15/1922,British
746,bianco,NaN,Gino,Bianco,7/22/1916,Brazilian
747,murray,NaN,David,Murray,12/28/1909,British
748,cantoni,NaN,Eitel,Cantoni,10/4/1906,Uruguayan
749,aston,NaN,Bill,Aston,3/29/1900,British
750,brudes,NaN,Adolf,Brudes,1899-10-15,German
751,riess,NaN,Fritz,Riess,7/11/1922,German
752,niedermayr,NaN,Helmut,Niedermayr,11/29/1915,German
753,klenk,NaN,Hans,Klenk,10/28/1919,German
754,balsa,NaN,Marcel,Balsa,1/1/1909,French
755,schoeller,NaN,Rudolf,Schoeller,4/27/1902,Swiss
756,pietsch,NaN,Paul,Pietsch,6/20/1911,German
757,peters,NaN,Josef,Peters,9/16/1914,German
758,lof,NaN,Dries,van der Lof,8/23/1919,Dutch
759,flinterman,NaN,Jan,Flinterman,10/2/1919,Dutch
760,dusio,NaN,Piero,Dusio,1899-10-13,Italian
761,crespo,NaN,Alberto,Crespo,1/16/1920,Argentine
762,rol,NaN,Franco,Rol,6/5/1908,Italian
763,sanesi,NaN,Consalvo,Sanesi,3/28/1911,Italian
764,guy_mairesse,NaN,Guy,Mairesse,8/10/1910,French
765,louveau,NaN,Henri,Louveau,1/25/1910,French
766,wallard,NaN,Lee,Wallard,9/7/1910,American
767,forberg,NaN,Carl,Forberg,3/4/1911,American
768,rose,NaN,Mauri,Rose,5/26/1906,American
769,mackey,NaN,Bill,Mackey,12/15/1927,American
770,green,NaN,Cecil,Green,9/30/1919,American
771,walt_brown,NaN,Walt,Brown,12/30/1911,American
772,hellings,NaN,Mack,Hellings,9/14/1915,American
773,levegh,NaN,Pierre,Levegh,12/22/1905,French
774,chaboud,NaN,Eugène,Chaboud,4/12/1907,French
775,gordini,NaN,Aldo,Gordini,5/20/1921,French
776,kelly,NaN,Joe,Kelly,3/13/1913,Irish
777,parker,NaN,Philip,Fotheringham-Parker,9/22/1907,British
778,shawe_taylor,NaN,Brian,Shawe Taylor,1/28/1915,British
779,john_james,NaN,John,James,5/10/1914,British
780,branca,NaN,Toni,Branca,9/15/1916,Swiss
781,richardson,NaN,Ken,Richardson,8/21/1911,British
782,jover,NaN,Juan,Jover,11/23/1903,Spanish
783,grignard,NaN,Georges,Grignard,7/25/1905,French
784,hampshire,NaN,David,Hampshire,12/29/1917,British
785,crossley,NaN,Geoff,Crossley,5/11/1921,British
786,fagioli,NaN,Luigi,Fagioli,1898-06-09,Italian
787,harrison,NaN,Cuth,Harrison,7/6/1906,British
788,fry,NaN,Joe,Fry,10/26/1915,British
789,martin,NaN,Eugène,Martin,3/24/1915,French
790,leslie_johnson,NaN,Leslie,Johnson,3/22/1912,British
791,biondetti,NaN,Clemente,Biondetti,1898-08-18,Italian
792,pian,NaN,Alfredo,Pián,10/21/1912,Argentine
793,sommer,NaN,Raymond,Sommer,8/31/1906,French
794,chitwood,NaN,Joie,Chitwood,4/14/1912,American
795,fohr,NaN,Myron,Fohr,6/17/1912,American
796,ader,NaN,Walt,Ader,12/15/1913,American
797,holmes,NaN,Jackie,Holmes,9/4/1920,American
798,levrett,NaN,Bayliss,Levrett,2/14/1914,American
799,jackson,NaN,Jimmy,Jackson,7/25/1910,American
800,pagani,NaN,Nello,Pagani,10/11/1911,Italian
801,pozzi,NaN,Charles,Pozzi,8/27/1909,French
802,serafini,NaN,Dorino,Serafini,7/22/1909,Italian
803,cantrell,NaN,Bill,Cantrell,1/31/1908,American
804,mantz,NaN,Johnny,Mantz,9/18/1918,American
805,kladis,NaN,Danny,Kladis,2/10/1917,American
806,oscar_gonzalez,NaN,Óscar,González,11/10/1923,Uruguayan
807,hulkenberg,HUL,Nico,Hülkenberg,8/19/1987,German
808,petrov,PET,Vitaly,Petrov,9/8/1984,Russian
810,grassi,DIG,Lucas,di Grassi,8/11/1984,Brazilian
811,bruno_senna,SEN,Bruno,Senna,10/15/1983,Brazilian
812,chandhok,CHA,Karun,Chandhok,1/19/1984,Indian
813,maldonado,MAL,Pastor,Maldonado,3/9/1985,Venezuelan
814,resta,DIR,Paul,di Resta,4/16/1986,British
815,perez,PER,Sergio,Pérez,1/26/1990,Mexican
816,ambrosio,DAM,Jérôme,d'Ambrosio,12/27/1985,Belgian
817,ricciardo,RIC,Daniel,Ricciardo,7/1/1989,Australian
818,vergne,VER,Jean-Éric,Vergne,4/25/1990,French
819,pic,PIC,Charles,Pic,2/15/1990,French
820,chilton,CHI,Max,Chilton,4/21/1991,British
821,gutierrez,GUT,Esteban,Gutiérrez,8/5/1991,Mexican
822,bottas,BOT,Valtteri,Bottas,8/28/1989,Finnish
823,garde,VDG,Giedo,van der Garde,4/25/1985,Dutch
824,jules_bianchi,BIA,Jules,Bianchi,8/3/1989,French
825,kevin_magnussen,MAG,Kevin,Magnussen,10/5/1992,Danish
826,kvyat,KVY,Daniil,Kvyat,4/26/1994,Russian
827,lotterer,LOT,André,Lotterer,11/19/1981,German
828,ericsson,ERI,Marcus,Ericsson,9/2/1990,Swedish
829,stevens,STE,Will,Stevens,6/28/1991,British
830,max_verstappen,VER,Max,Verstappen,9/30/1997,Dutch
831,nasr,NAS,Felipe,Nasr,8/21/1992,Brazilian
832,sainz,SAI,Carlos,Sainz,9/1/1994,Spanish
833,merhi,MER,Roberto,Merhi,3/22/1991,Spanish
834,rossi,RSS,Alexander,Rossi,9/25/1991,American
835,jolyon_palmer,PAL,Jolyon,Palmer,1/20/1991,British
836,wehrlein,WEH,Pascal,Wehrlein,10/18/1994,German
837,haryanto,HAR,Rio,Haryanto,1/22/1993,Indonesian
838,vandoorne,VAN,Stoffel,Vandoorne,3/26/1992,Belgian
839,ocon,OCO,Esteban,Ocon,9/17/1996,French
840,stroll,STR,Lance,Stroll,10/29/1998,Canadian
841,giovinazzi,GIO,Antonio,Giovinazzi,12/14/1993,Italian
843,brendon_hartley,HAR,Brendon,Hartley,11/10/1989,New Zealander
844,leclerc,LEC,Charles,Leclerc,10/16/1997,Monegasque
845,sirotkin,SIR,Sergey,Sirotkin,8/27/1995,Russian
846,norris,NOR,Lando,Norris,11/13/1999,British
847,russell,RUS,George,Russell,2/15/1998,British
848,albon,ALB,Alexander,Albon,3/23/1996,Thai
849,latifi,LAT,Nicholas,Latifi,6/29/1995,Canadian
